file,line,type,commit,author,date,time,timezone,datetime,depth,length
style.css,1,css,a199bc73,Shreyesh Vankina,2026-04-10,14:26:39,-07:00,2026-04-10T14:26:39-07:00,0,0
style.css,2,css,1d8bca12,Shreyesh Vankina,2026-04-16,15:15:20,-07:00,2026-04-16T15:15:20-07:00,0,4
style.css,3,css,1d8bca12,Shreyesh Vankina,2026-04-16,15:15:20,-07:00,2026-04-16T15:15:20-07:00,1,23
style.css,4,css,1d8bca12,Shreyesh Vankina,2026-04-16,15:15:20,-07:00,2026-04-16T15:15:20-07:00,0,0
style.css,5,css,1d8bca12,Shreyesh Vankina,2026-04-16,15:15:20,-07:00,2026-04-16T15:15:20-07:00,0,0
style.css,6,css,a199bc73,Shreyesh Vankina,2026-04-10,14:26:39,-07:00,2026-04-10T14:26:39-07:00,0,5
style.css,7,css,a199bc73,Shreyesh Vankina,2026-04-10,14:26:39,-07:00,2026-04-10T14:26:39-07:00,1,31
style.css,8,css,a199bc73,Shreyesh Vankina,2026-04-10,14:26:39,-07:00,2026-04-10T14:26:39-07:00,1,32
style.css,9,css,a199bc73,Shreyesh Vankina,2026-04-10,14:26:39,-07:00,2026-04-10T14:26:39-07:00,0,0
style.css,10,css,a199bc73,Shreyesh Vankina,2026-04-10,14:26:39,-07:00,2026-04-10T14:26:39-07:00,0,0
style.css,11,css,426c1659,Shreyesh Vankina,2026-04-05,20:23:50,-07:00,2026-04-05T20:23:50-07:00,0,4
style.css,12,css,426c1659,Shreyesh Vankina,2026-04-05,20:23:50,-07:00,2026-04-05T20:23:50-07:00,1,23
style.css,13,css,a199bc73,Shreyesh Vankina,2026-04-10,14:26:39,-07:00,2026-04-10T14:26:39-07:00,1,15
style.css,14,css,a199bc73,Shreyesh Vankina,2026-04-10,14:26:39,-07:00,2026-04-10T14:26:39-07:00,1,42
style.css,15,css,a199bc73,Shreyesh Vankina,2026-04-10,14:26:39,-07:00,2026-04-10T14:26:39-07:00,0,0
style.css,16,css,a199bc73,Shreyesh Vankina,2026-04-10,14:26:39,-07:00,2026-04-10T14:26:39-07:00,0,0
style.css,17,css,a199bc73,Shreyesh Vankina,2026-04-10,14:26:39,-07:00,2026-04-10T14:26:39-07:00,0,5
style.css,18,css,a199bc73,Shreyesh Vankina,2026-04-10,14:26:39,-07:00,2026-04-10T14:26:39-07:00,0,6
style.css,19,css,a199bc73,Shreyesh Vankina,2026-04-10,14:26:39,-07:00,2026-04-10T14:26:39-07:00,1,16
style.css,20,css,a199bc73,Shreyesh Vankina,2026-04-10,14:26:39,-07:00,2026-04-10T14:26:39-07:00,0,0
style.css,21,css,a199bc73,Shreyesh Vankina,2026-04-10,14:26:39,-07:00,2026-04-10T14:26:39-07:00,0,0
style.css,22,css,a199bc73,Shreyesh Vankina,2026-04-10,14:26:39,-07:00,2026-04-10T14:26:39-07:00,0,3
style.css,23,css,1d8bca12,Shreyesh Vankina,2026-04-16,15:15:20,-07:00,2026-04-16T15:15:20-07:00,1,39
style.css,24,css,a199bc73,Shreyesh Vankina,2026-04-10,14:26:39,-07:00,2026-04-10T14:26:39-07:00,1,12
style.css,25,css,a199bc73,Shreyesh Vankina,2026-04-10,14:26:39,-07:00,2026-04-10T14:26:39-07:00,1,17
style.css,26,css,1d8bca12,Shreyesh Vankina,2026-04-16,15:15:20,-07:00,2026-04-16T15:15:20-07:00,1,43
style.css,27,css,a199bc73,Shreyesh Vankina,2026-04-10,14:26:39,-07:00,2026-04-10T14:26:39-07:00,0,0
style.css,28,css,a199bc73,Shreyesh Vankina,2026-04-10,14:26:39,-07:00,2026-04-10T14:26:39-07:00,0,0
style.css,29,css,a199bc73,Shreyesh Vankina,2026-04-10,14:26:39,-07:00,2026-04-10T14:26:39-07:00,0,5
style.css,30,css,a199bc73,Shreyesh Vankina,2026-04-10,14:26:39,-07:00,2026-04-10T14:26:39-07:00,1,6
style.css,31,css,a199bc73,Shreyesh Vankina,2026-04-10,14:26:39,-07:00,2026-04-10T14:26:39-07:00,1,20
style.css,32,css,a199bc73,Shreyesh Vankina,2026-04-10,14:26:39,-07:00,2026-04-10T14:26:39-07:00,1,13
style.css,33,css,a199bc73,Shreyesh Vankina,2026-04-10,14:26:39,-07:00,2026-04-10T14:26:39-07:00,1,17
style.css,34,css,a199bc73,Shreyesh Vankina,2026-04-10,14:26:39,-07:00,2026-04-10T14:26:39-07:00,1,13
style.css,35,css,a199bc73,Shreyesh Vankina,2026-04-10,14:26:39,-07:00,2026-04-10T14:26:39-07:00,0,0
style.css,36,css,a199bc73,Shreyesh Vankina,2026-04-10,14:26:39,-07:00,2026-04-10T14:26:39-07:00,0,0
style.css,37,css,a199bc73,Shreyesh Vankina,2026-04-10,14:26:39,-07:00,2026-04-10T14:26:39-07:00,0,13
style.css,38,css,1d8bca12,Shreyesh Vankina,2026-04-16,15:15:20,-07:00,2026-04-16T15:15:20-07:00,1,45
style.css,39,css,a199bc73,Shreyesh Vankina,2026-04-10,14:26:39,-07:00,2026-04-10T14:26:39-07:00,1,20
style.css,40,css,a199bc73,Shreyesh Vankina,2026-04-10,14:26:39,-07:00,2026-04-10T14:26:39-07:00,0,0
style.css,41,css,a199bc73,Shreyesh Vankina,2026-04-10,14:26:39,-07:00,2026-04-10T14:26:39-07:00,0,0
style.css,42,css,a199bc73,Shreyesh Vankina,2026-04-10,14:26:39,-07:00,2026-04-10T14:26:39-07:00,0,11
style.css,43,css,a199bc73,Shreyesh Vankina,2026-04-10,14:26:39,-07:00,2026-04-10T14:26:39-07:00,1,45
style.css,44,css,1d8bca12,Shreyesh Vankina,2026-04-16,15:15:20,-07:00,2026-04-16T15:15:20-07:00,1,20
style.css,45,css,1d8bca12,Shreyesh Vankina,2026-04-16,15:15:20,-07:00,2026-04-16T15:15:20-07:00,1,69
style.css,46,css,a199bc73,Shreyesh Vankina,2026-04-10,14:26:39,-07:00,2026-04-10T14:26:39-07:00,0,0
style.css,47,css,a199bc73,Shreyesh Vankina,2026-04-10,14:26:39,-07:00,2026-04-10T14:26:39-07:00,0,0
style.css,48,css,1d8bca12,Shreyesh Vankina,2026-04-16,15:15:20,-07:00,2026-04-16T15:15:20-07:00,0,31
style.css,49,css,a199bc73,Shreyesh Vankina,2026-04-10,14:26:39,-07:00,2026-04-10T14:26:39-07:00,1,12
style.css,50,css,a199bc73,Shreyesh Vankina,2026-04-10,14:26:39,-07:00,2026-04-10T14:26:39-07:00,0,0
style.css,51,css,a199bc73,Shreyesh Vankina,2026-04-10,14:26:39,-07:00,2026-04-10T14:26:39-07:00,0,0
style.css,52,css,1d8bca12,Shreyesh Vankina,2026-04-16,15:15:20,-07:00,2026-04-16T15:15:20-07:00,0,13
style.css,53,css,1d8bca12,Shreyesh Vankina,2026-04-16,15:15:20,-07:00,2026-04-16T15:15:20-07:00,1,17
style.css,54,css,1d8bca12,Shreyesh Vankina,2026-04-16,15:15:20,-07:00,2026-04-16T15:15:20-07:00,1,8
style.css,55,css,1d8bca12,Shreyesh Vankina,2026-04-16,15:15:20,-07:00,2026-04-16T15:15:20-07:00,1,10
style.css,56,css,1d8bca12,Shreyesh Vankina,2026-04-16,15:15:20,-07:00,2026-04-16T15:15:20-07:00,1,13
style.css,57,css,1d8bca12,Shreyesh Vankina,2026-04-16,15:15:20,-07:00,2026-04-16T15:15:20-07:00,1,19
style.css,58,css,1d8bca12,Shreyesh Vankina,2026-04-16,15:15:20,-07:00,2026-04-16T15:15:20-07:00,0,0
style.css,59,css,a199bc73,Shreyesh Vankina,2026-04-10,14:26:39,-07:00,2026-04-10T14:26:39-07:00,0,0
style.css,60,css,a199bc73,Shreyesh Vankina,2026-04-10,14:26:39,-07:00,2026-04-10T14:26:39-07:00,0,4
style.css,61,css,a199bc73,Shreyesh Vankina,2026-04-10,14:26:39,-07:00,2026-04-10T14:26:39-07:00,1,12
style.css,62,css,a199bc73,Shreyesh Vankina,2026-04-10,14:26:39,-07:00,2026-04-10T14:26:39-07:00,1,30
style.css,63,css,a199bc73,Shreyesh Vankina,2026-04-10,14:26:39,-07:00,2026-04-10T14:26:39-07:00,1,7
style.css,64,css,a199bc73,Shreyesh Vankina,2026-04-10,14:26:39,-07:00,2026-04-10T14:26:39-07:00,0,0
style.css,65,css,a199bc73,Shreyesh Vankina,2026-04-10,14:26:39,-07:00,2026-04-10T14:26:39-07:00,0,0
style.css,66,css,a199bc73,Shreyesh Vankina,2026-04-10,14:26:39,-07:00,2026-04-10T14:26:39-07:00,0,10
style.css,67,css,a199bc73,Shreyesh Vankina,2026-04-10,14:26:39,-07:00,2026-04-10T14:26:39-07:00,1,12
style.css,68,css,a199bc73,Shreyesh Vankina,2026-04-10,14:26:39,-07:00,2026-04-10T14:26:39-07:00,1,29
style.css,69,css,a199bc73,Shreyesh Vankina,2026-04-10,14:26:39,-07:00,2026-04-10T14:26:39-07:00,1,18
style.css,70,css,a199bc73,Shreyesh Vankina,2026-04-10,14:26:39,-07:00,2026-04-10T14:26:39-07:00,0,0
style.css,71,css,a199bc73,Shreyesh Vankina,2026-04-10,14:26:39,-07:00,2026-04-10T14:26:39-07:00,0,0
style.css,72,css,a199bc73,Shreyesh Vankina,2026-04-10,14:26:39,-07:00,2026-04-10T14:26:39-07:00,0,11
style.css,73,css,a199bc73,Shreyesh Vankina,2026-04-10,14:26:39,-07:00,2026-04-10T14:26:39-07:00,1,18
style.css,74,css,a199bc73,Shreyesh Vankina,2026-04-10,14:26:39,-07:00,2026-04-10T14:26:39-07:00,0,0
style.css,75,css,a199bc73,Shreyesh Vankina,2026-04-10,14:26:39,-07:00,2026-04-10T14:26:39-07:00,0,0
style.css,76,css,a199bc73,Shreyesh Vankina,2026-04-10,14:26:39,-07:00,2026-04-10T14:26:39-07:00,0,22
style.css,77,css,a199bc73,Shreyesh Vankina,2026-04-10,14:26:39,-07:00,2026-04-10T14:26:39-07:00,1,15
style.css,78,css,a199bc73,Shreyesh Vankina,2026-04-10,14:26:39,-07:00,2026-04-10T14:26:39-07:00,1,17
style.css,79,css,a199bc73,Shreyesh Vankina,2026-04-10,14:26:39,-07:00,2026-04-10T14:26:39-07:00,0,0
style.css,80,css,a199bc73,Shreyesh Vankina,2026-04-10,14:26:39,-07:00,2026-04-10T14:26:39-07:00,0,0
style.css,81,css,a199bc73,Shreyesh Vankina,2026-04-10,14:26:39,-07:00,2026-04-10T14:26:39-07:00,0,2
style.css,82,css,a199bc73,Shreyesh Vankina,2026-04-10,14:26:39,-07:00,2026-04-10T14:26:39-07:00,1,14
style.css,83,css,a199bc73,Shreyesh Vankina,2026-04-10,14:26:39,-07:00,2026-04-10T14:26:39-07:00,0,0
style.css,84,css,a199bc73,Shreyesh Vankina,2026-04-10,14:26:39,-07:00,2026-04-10T14:26:39-07:00,0,0
style.css,85,css,a199bc73,Shreyesh Vankina,2026-04-10,14:26:39,-07:00,2026-04-10T14:26:39-07:00,0,9
style.css,86,css,a199bc73,Shreyesh Vankina,2026-04-10,14:26:39,-07:00,2026-04-10T14:26:39-07:00,1,12
style.css,87,css,a199bc73,Shreyesh Vankina,2026-04-10,14:26:39,-07:00,2026-04-10T14:26:39-07:00,1,58
style.css,88,css,a199bc73,Shreyesh Vankina,2026-04-10,14:26:39,-07:00,2026-04-10T14:26:39-07:00,1,7
style.css,89,css,a199bc73,Shreyesh Vankina,2026-04-10,14:26:39,-07:00,2026-04-10T14:26:39-07:00,0,0
style.css,90,css,a199bc73,Shreyesh Vankina,2026-04-10,14:26:39,-07:00,2026-04-10T14:26:39-07:00,0,0
style.css,91,css,a199bc73,Shreyesh Vankina,2026-04-10,14:26:39,-07:00,2026-04-10T14:26:39-07:00,0,17
style.css,92,css,a199bc73,Shreyesh Vankina,2026-04-10,14:26:39,-07:00,2026-04-10T14:26:39-07:00,1,12
style.css,93,css,a199bc73,Shreyesh Vankina,2026-04-10,14:26:39,-07:00,2026-04-10T14:26:39-07:00,1,26
style.css,94,css,a199bc73,Shreyesh Vankina,2026-04-10,14:26:39,-07:00,2026-04-10T14:26:39-07:00,1,15
style.css,95,css,a199bc73,Shreyesh Vankina,2026-04-10,14:26:39,-07:00,2026-04-10T14:26:39-07:00,0,0
style.css,96,css,a199bc73,Shreyesh Vankina,2026-04-10,14:26:39,-07:00,2026-04-10T14:26:39-07:00,0,0
style.css,97,css,a199bc73,Shreyesh Vankina,2026-04-10,14:26:39,-07:00,2026-04-10T14:26:39-07:00,0,20
style.css,98,css,a199bc73,Shreyesh Vankina,2026-04-10,14:26:39,-07:00,2026-04-10T14:26:39-07:00,1,8
style.css,99,css,a199bc73,Shreyesh Vankina,2026-04-10,14:26:39,-07:00,2026-04-10T14:26:39-07:00,0,0
style.css,100,css,a199bc73,Shreyesh Vankina,2026-04-10,14:26:39,-07:00,2026-04-10T14:26:39-07:00,0,0
style.css,101,css,a199bc73,Shreyesh Vankina,2026-04-10,14:26:39,-07:00,2026-04-10T14:26:39-07:00,0,7
style.css,102,css,a199bc73,Shreyesh Vankina,2026-04-10,14:26:39,-07:00,2026-04-10T14:26:39-07:00,1,19
style.css,103,css,a199bc73,Shreyesh Vankina,2026-04-10,14:26:39,-07:00,2026-04-10T14:26:39-07:00,0,0
style.css,104,css,a199bc73,Shreyesh Vankina,2026-04-10,14:26:39,-07:00,2026-04-10T14:26:39-07:00,0,0
style.css,105,css,a199bc73,Shreyesh Vankina,2026-04-10,14:26:39,-07:00,2026-04-10T14:26:39-07:00,0,10
style.css,106,css,a199bc73,Shreyesh Vankina,2026-04-10,14:26:39,-07:00,2026-04-10T14:26:39-07:00,1,43
style.css,107,css,a199bc73,Shreyesh Vankina,2026-04-10,14:26:39,-07:00,2026-04-10T14:26:39-07:00,1,20
style.css,108,css,a199bc73,Shreyesh Vankina,2026-04-10,14:26:39,-07:00,2026-04-10T14:26:39-07:00,1,17
style.css,109,css,a199bc73,Shreyesh Vankina,2026-04-10,14:26:39,-07:00,2026-04-10T14:26:39-07:00,0,0
style.css,110,css,a199bc73,Shreyesh Vankina,2026-04-10,14:26:39,-07:00,2026-04-10T14:26:39-07:00,0,0
style.css,111,css,a199bc73,Shreyesh Vankina,2026-04-10,14:26:39,-07:00,2026-04-10T14:26:39-07:00,0,15
style.css,112,css,a199bc73,Shreyesh Vankina,2026-04-10,14:26:39,-07:00,2026-04-10T14:26:39-07:00,1,19
style.css,113,css,a199bc73,Shreyesh Vankina,2026-04-10,14:26:39,-07:00,2026-04-10T14:26:39-07:00,0,0
style.css,114,css,a199bc73,Shreyesh Vankina,2026-04-10,14:26:39,-07:00,2026-04-10T14:26:39-07:00,0,0
style.css,115,css,a199bc73,Shreyesh Vankina,2026-04-10,14:26:39,-07:00,2026-04-10T14:26:39-07:00,0,22
style.css,116,css,a199bc73,Shreyesh Vankina,2026-04-10,14:26:39,-07:00,2026-04-10T14:26:39-07:00,1,12
style.css,117,css,a199bc73,Shreyesh Vankina,2026-04-10,14:26:39,-07:00,2026-04-10T14:26:39-07:00,1,29
style.css,118,css,a199bc73,Shreyesh Vankina,2026-04-10,14:26:39,-07:00,2026-04-10T14:26:39-07:00,1,20
style.css,119,css,a199bc73,Shreyesh Vankina,2026-04-10,14:26:39,-07:00,2026-04-10T14:26:39-07:00,1,19
style.css,120,css,a199bc73,Shreyesh Vankina,2026-04-10,14:26:39,-07:00,2026-04-10T14:26:39-07:00,1,14
style.css,121,css,a199bc73,Shreyesh Vankina,2026-04-10,14:26:39,-07:00,2026-04-10T14:26:39-07:00,1,9
style.css,122,css,a199bc73,Shreyesh Vankina,2026-04-10,14:26:39,-07:00,2026-04-10T14:26:39-07:00,0,0
style.css,123,css,a199bc73,Shreyesh Vankina,2026-04-10,14:26:39,-07:00,2026-04-10T14:26:39-07:00,0,0
style.css,124,css,a199bc73,Shreyesh Vankina,2026-04-10,14:26:39,-07:00,2026-04-10T14:26:39-07:00,0,18
style.css,125,css,a199bc73,Shreyesh Vankina,2026-04-10,14:26:39,-07:00,2026-04-10T14:26:39-07:00,1,8
style.css,126,css,a199bc73,Shreyesh Vankina,2026-04-10,14:26:39,-07:00,2026-04-10T14:26:39-07:00,1,16
style.css,127,css,a199bc73,Shreyesh Vankina,2026-04-10,14:26:39,-07:00,2026-04-10T14:26:39-07:00,0,0
style.css,128,css,a199bc73,Shreyesh Vankina,2026-04-10,14:26:39,-07:00,2026-04-10T14:26:39-07:00,0,0
style.css,129,css,a199bc73,Shreyesh Vankina,2026-04-10,14:26:39,-07:00,2026-04-10T14:26:39-07:00,0,24
style.css,130,css,a199bc73,Shreyesh Vankina,2026-04-10,14:26:39,-07:00,2026-04-10T14:26:39-07:00,1,8
style.css,131,css,a199bc73,Shreyesh Vankina,2026-04-10,14:26:39,-07:00,2026-04-10T14:26:39-07:00,1,21
style.css,132,css,a199bc73,Shreyesh Vankina,2026-04-10,14:26:39,-07:00,2026-04-10T14:26:39-07:00,1,15
style.css,133,css,a199bc73,Shreyesh Vankina,2026-04-10,14:26:39,-07:00,2026-04-10T14:26:39-07:00,0,0
style.css,134,css,a199bc73,Shreyesh Vankina,2026-04-10,14:26:39,-07:00,2026-04-10T14:26:39-07:00,0,0
style.css,135,css,a199bc73,Shreyesh Vankina,2026-04-10,14:26:39,-07:00,2026-04-10T14:26:39-07:00,0,10
style.css,136,css,a199bc73,Shreyesh Vankina,2026-04-10,14:26:39,-07:00,2026-04-10T14:26:39-07:00,1,16
style.css,137,css,a199bc73,Shreyesh Vankina,2026-04-10,14:26:39,-07:00,2026-04-10T14:26:39-07:00,1,18
style.css,138,css,a199bc73,Shreyesh Vankina,2026-04-10,14:26:39,-07:00,2026-04-10T14:26:39-07:00,0,0
style.css,139,css,a199bc73,Shreyesh Vankina,2026-04-10,14:26:39,-07:00,2026-04-10T14:26:39-07:00,0,0
style.css,140,css,a199bc73,Shreyesh Vankina,2026-04-10,14:26:39,-07:00,2026-04-10T14:26:39-07:00,0,10
style.css,141,css,a199bc73,Shreyesh Vankina,2026-04-10,14:26:39,-07:00,2026-04-10T14:26:39-07:00,1,19
style.css,142,css,2ff76dbf,Shreyesh Vankina,2026-04-25,18:29:03,-07:00,2026-04-25T18:29:03-07:00,0,0
style.css,143,css,2ff76dbf,Shreyesh Vankina,2026-04-25,18:29:03,-07:00,2026-04-25T18:29:03-07:00,0,0
style.css,144,css,2ff76dbf,Shreyesh Vankina,2026-04-25,18:29:03,-07:00,2026-04-25T18:29:03-07:00,0,17
style.css,145,css,2ff76dbf,Shreyesh Vankina,2026-04-25,18:29:03,-07:00,2026-04-25T18:29:03-07:00,1,12
style.css,146,css,2ff76dbf,Shreyesh Vankina,2026-04-25,18:29:03,-07:00,2026-04-25T18:29:03-07:00,1,36
style.css,147,css,2ff76dbf,Shreyesh Vankina,2026-04-25,18:29:03,-07:00,2026-04-25T18:29:03-07:00,1,7
style.css,148,css,2ff76dbf,Shreyesh Vankina,2026-04-25,18:29:03,-07:00,2026-04-25T18:29:03-07:00,1,17
style.css,149,css,2ff76dbf,Shreyesh Vankina,2026-04-25,18:29:03,-07:00,2026-04-25T18:29:03-07:00,0,0
style.css,150,css,2ff76dbf,Shreyesh Vankina,2026-04-25,18:29:03,-07:00,2026-04-25T18:29:03-07:00,0,0
style.css,151,css,2ff76dbf,Shreyesh Vankina,2026-04-25,18:29:03,-07:00,2026-04-25T18:29:03-07:00,0,17
style.css,152,css,2ff76dbf,Shreyesh Vankina,2026-04-25,18:29:03,-07:00,2026-04-25T18:29:03-07:00,1,10
style.css,153,css,2ff76dbf,Shreyesh Vankina,2026-04-25,18:29:03,-07:00,2026-04-25T18:29:03-07:00,1,21
style.css,154,css,2ff76dbf,Shreyesh Vankina,2026-04-25,18:29:03,-07:00,2026-04-25T18:29:03-07:00,1,16
style.css,155,css,2ff76dbf,Shreyesh Vankina,2026-04-25,18:29:03,-07:00,2026-04-25T18:29:03-07:00,0,0
style.css,156,css,2ff76dbf,Shreyesh Vankina,2026-04-25,18:29:03,-07:00,2026-04-25T18:29:03-07:00,0,0
style.css,157,css,2ff76dbf,Shreyesh Vankina,2026-04-25,18:29:03,-07:00,2026-04-25T18:29:03-07:00,0,17
style.css,158,css,2ff76dbf,Shreyesh Vankina,2026-04-25,18:29:03,-07:00,2026-04-25T18:29:03-07:00,1,10
style.css,159,css,2ff76dbf,Shreyesh Vankina,2026-04-25,18:29:03,-07:00,2026-04-25T18:29:03-07:00,1,8
style.css,160,css,2ff76dbf,Shreyesh Vankina,2026-04-25,18:29:03,-07:00,2026-04-25T18:29:03-07:00,1,13
style.css,161,css,72ff8f12,Shreyesh Vankina,2026-05-01,14:21:34,-07:00,2026-05-01T14:21:34-07:00,0,0
style.css,162,css,72ff8f12,Shreyesh Vankina,2026-05-01,14:21:34,-07:00,2026-05-01T14:21:34-07:00,0,0
style.css,163,css,72ff8f12,Shreyesh Vankina,2026-05-01,14:21:34,-07:00,2026-05-01T14:21:34-07:00,0,13
style.css,164,css,72ff8f12,Shreyesh Vankina,2026-05-01,14:21:34,-07:00,2026-05-01T14:21:34-07:00,1,30
style.css,165,css,72ff8f12,Shreyesh Vankina,2026-05-01,14:21:34,-07:00,2026-05-01T14:21:34-07:00,1,34
style.css,166,css,72ff8f12,Shreyesh Vankina,2026-05-01,14:21:34,-07:00,2026-05-01T14:21:34-07:00,1,21
style.css,167,css,72ff8f12,Shreyesh Vankina,2026-05-01,14:21:34,-07:00,2026-05-01T14:21:34-07:00,0,0
style.css,168,css,72ff8f12,Shreyesh Vankina,2026-05-01,14:21:34,-07:00,2026-05-01T14:21:34-07:00,0,0
style.css,169,css,72ff8f12,Shreyesh Vankina,2026-05-01,14:21:34,-07:00,2026-05-01T14:21:34-07:00,0,18
style.css,170,css,72ff8f12,Shreyesh Vankina,2026-05-01,14:21:34,-07:00,2026-05-01T14:21:34-07:00,1,14
style.css,171,css,72ff8f12,Shreyesh Vankina,2026-05-01,14:21:34,-07:00,2026-05-01T14:21:34-07:00,1,16
style.css,172,css,72ff8f12,Shreyesh Vankina,2026-05-01,14:21:34,-07:00,2026-05-01T14:21:34-07:00,1,16
style.css,173,css,72ff8f12,Shreyesh Vankina,2026-05-01,14:21:34,-07:00,2026-05-01T14:21:34-07:00,0,0
style.css,174,css,72ff8f12,Shreyesh Vankina,2026-05-01,14:21:34,-07:00,2026-05-01T14:21:34-07:00,0,0
style.css,175,css,72ff8f12,Shreyesh Vankina,2026-05-01,14:21:34,-07:00,2026-05-01T14:21:34-07:00,0,51
style.css,176,css,72ff8f12,Shreyesh Vankina,2026-05-01,14:21:34,-07:00,2026-05-01T14:21:34-07:00,1,11
style.css,177,css,72ff8f12,Shreyesh Vankina,2026-05-01,14:21:34,-07:00,2026-05-01T14:21:34-07:00,0,0
style.css,178,css,72ff8f12,Shreyesh Vankina,2026-05-01,14:21:34,-07:00,2026-05-01T14:21:34-07:00,0,0
style.css,179,css,72ff8f12,Shreyesh Vankina,2026-05-01,14:21:34,-07:00,2026-05-01T14:21:34-07:00,0,4
style.css,180,css,72ff8f12,Shreyesh Vankina,2026-05-01,14:21:34,-07:00,2026-05-01T14:21:34-07:00,1,16
style.css,181,css,72ff8f12,Shreyesh Vankina,2026-05-01,14:21:34,-07:00,2026-05-01T14:21:34-07:00,1,14
style.css,182,css,72ff8f12,Shreyesh Vankina,2026-05-01,14:21:34,-07:00,2026-05-01T14:21:34-07:00,0,0
style.css,183,css,72ff8f12,Shreyesh Vankina,2026-05-01,14:21:34,-07:00,2026-05-01T14:21:34-07:00,0,0
style.css,184,css,72ff8f12,Shreyesh Vankina,2026-05-01,14:21:34,-07:00,2026-05-01T14:21:34-07:00,0,9
style.css,185,css,72ff8f12,Shreyesh Vankina,2026-05-01,14:21:34,-07:00,2026-05-01T14:21:34-07:00,1,35
style.css,186,css,72ff8f12,Shreyesh Vankina,2026-05-01,14:21:34,-07:00,2026-05-01T14:21:34-07:00,0,0
style.css,187,css,72ff8f12,Shreyesh Vankina,2026-05-01,14:21:34,-07:00,2026-05-01T14:21:34-07:00,0,0
style.css,188,css,72ff8f12,Shreyesh Vankina,2026-05-01,14:21:34,-07:00,2026-05-01T14:21:34-07:00,0,18
style.css,189,css,72ff8f12,Shreyesh Vankina,2026-05-01,14:21:34,-07:00,2026-05-01T14:21:34-07:00,1,17
style.css,190,css,94345aaa,Shreyesh Vankina,2026-05-01,14:33:13,-07:00,2026-05-01T14:33:13-07:00,0,0
style.css,191,css,94345aaa,Shreyesh Vankina,2026-05-01,14:33:13,-07:00,2026-05-01T14:33:13-07:00,0,0
style.css,192,css,94345aaa,Shreyesh Vankina,2026-05-01,14:33:13,-07:00,2026-05-01T14:33:13-07:00,0,16
style.css,193,css,94345aaa,Shreyesh Vankina,2026-05-01,14:33:13,-07:00,2026-05-01T14:33:13-07:00,2,12
style.css,194,css,94345aaa,Shreyesh Vankina,2026-05-01,14:33:13,-07:00,2026-05-01T14:33:13-07:00,2,18
style.css,195,css,94345aaa,Shreyesh Vankina,2026-05-01,14:33:13,-07:00,2026-05-01T14:33:13-07:00,2,7
style.css,196,css,94345aaa,Shreyesh Vankina,2026-05-01,14:33:13,-07:00,2026-05-01T14:33:13-07:00,2,17
style.css,197,css,94345aaa,Shreyesh Vankina,2026-05-01,14:33:13,-07:00,2026-05-01T14:33:13-07:00,0,0
style.css,198,css,94345aaa,Shreyesh Vankina,2026-05-01,14:33:13,-07:00,2026-05-01T14:33:13-07:00,0,0
style.css,199,css,94345aaa,Shreyesh Vankina,2026-05-01,14:33:13,-07:00,2026-05-01T14:33:13-07:00,0,7
style.css,200,css,39e7fe7c,Shreyesh Vankina,2026-05-01,14:48:46,-07:00,2026-05-01T14:48:46-07:00,2,6
style.css,201,css,94345aaa,Shreyesh Vankina,2026-05-01,14:33:13,-07:00,2026-05-01T14:33:13-07:00,2,12
style.css,202,css,94345aaa,Shreyesh Vankina,2026-05-01,14:33:13,-07:00,2026-05-01T14:33:13-07:00,2,57
style.css,203,css,94345aaa,Shreyesh Vankina,2026-05-01,14:33:13,-07:00,2026-05-01T14:33:13-07:00,2,7
style.css,204,css,94345aaa,Shreyesh Vankina,2026-05-01,14:33:13,-07:00,2026-05-01T14:33:13-07:00,2,15
style.css,205,css,39e7fe7c,Shreyesh Vankina,2026-05-01,14:48:46,-07:00,2026-05-01T14:48:46-07:00,2,13
style.css,206,css,39e7fe7c,Shreyesh Vankina,2026-05-01,14:48:46,-07:00,2026-05-01T14:48:46-07:00,2,8
style.css,207,css,94345aaa,Shreyesh Vankina,2026-05-01,14:33:13,-07:00,2026-05-01T14:33:13-07:00,2,36
style.css,208,css,39e7fe7c,Shreyesh Vankina,2026-05-01,14:48:46,-07:00,2026-05-01T14:48:46-07:00,2,17
style.css,209,css,94345aaa,Shreyesh Vankina,2026-05-01,14:33:13,-07:00,2026-05-01T14:33:13-07:00,0,0
style.css,210,css,94345aaa,Shreyesh Vankina,2026-05-01,14:33:13,-07:00,2026-05-01T14:33:13-07:00,0,0
style.css,211,css,94345aaa,Shreyesh Vankina,2026-05-01,14:33:13,-07:00,2026-05-01T14:33:13-07:00,0,10
style.css,212,css,94345aaa,Shreyesh Vankina,2026-05-01,14:33:13,-07:00,2026-05-01T14:33:13-07:00,2,12
style.css,213,css,94345aaa,Shreyesh Vankina,2026-05-01,14:33:13,-07:00,2026-05-01T14:33:13-07:00,2,18
style.css,214,css,94345aaa,Shreyesh Vankina,2026-05-01,14:33:13,-07:00,2026-05-01T14:33:13-07:00,2,9
style.css,215,css,94345aaa,Shreyesh Vankina,2026-05-01,14:33:13,-07:00,2026-05-01T14:33:13-07:00,2,16
style.css,216,css,94345aaa,Shreyesh Vankina,2026-05-01,14:33:13,-07:00,2026-05-01T14:33:13-07:00,2,14
style.css,217,css,94345aaa,Shreyesh Vankina,2026-05-01,14:33:13,-07:00,2026-05-01T14:33:13-07:00,0,0
style.css,218,css,94345aaa,Shreyesh Vankina,2026-05-01,14:33:13,-07:00,2026-05-01T14:33:13-07:00,0,0
style.css,219,css,94345aaa,Shreyesh Vankina,2026-05-01,14:33:13,-07:00,2026-05-01T14:33:13-07:00,0,15
style.css,220,css,94345aaa,Shreyesh Vankina,2026-05-01,14:33:13,-07:00,2026-05-01T14:33:13-07:00,2,20
style.css,221,css,94345aaa,Shreyesh Vankina,2026-05-01,14:33:13,-07:00,2026-05-01T14:33:13-07:00,2,9
style.css,222,css,94345aaa,Shreyesh Vankina,2026-05-01,14:33:13,-07:00,2026-05-01T14:33:13-07:00,2,10
style.css,223,css,94345aaa,Shreyesh Vankina,2026-05-01,14:33:13,-07:00,2026-05-01T14:33:13-07:00,2,29
style.css,224,css,94345aaa,Shreyesh Vankina,2026-05-01,14:33:13,-07:00,2026-05-01T14:33:13-07:00,2,17
style.css,225,css,426c1659,Shreyesh Vankina,2026-04-05,20:23:50,-07:00,2026-04-05T20:23:50-07:00,0,0
index.js,1,js,2ff76dbf,Shreyesh Vankina,2026-04-25,18:29:03,-07:00,2026-04-25T18:29:03-07:00,0,71
index.js,2,js,2ff76dbf,Shreyesh Vankina,2026-04-25,18:29:03,-07:00,2026-04-25T18:29:03-07:00,0,0
index.js,3,js,2ff76dbf,Shreyesh Vankina,2026-04-25,18:29:03,-07:00,2026-04-25T18:29:03-07:00,0,54
index.js,4,js,2ff76dbf,Shreyesh Vankina,2026-04-25,18:29:03,-07:00,2026-04-25T18:29:03-07:00,0,42
index.js,5,js,2ff76dbf,Shreyesh Vankina,2026-04-25,18:29:03,-07:00,2026-04-25T18:29:03-07:00,0,60
index.js,6,js,2ff76dbf,Shreyesh Vankina,2026-04-25,18:29:03,-07:00,2026-04-25T18:29:03-07:00,0,0
index.js,7,js,2ff76dbf,Shreyesh Vankina,2026-04-25,18:29:03,-07:00,2026-04-25T18:29:03-07:00,0,22
index.js,8,js,2ff76dbf,Shreyesh Vankina,2026-04-25,18:29:03,-07:00,2026-04-25T18:29:03-07:00,2,54
index.js,9,js,2ff76dbf,Shreyesh Vankina,2026-04-25,18:29:03,-07:00,2026-04-25T18:29:03-07:00,0,0
index.js,10,js,2ff76dbf,Shreyesh Vankina,2026-04-25,18:29:03,-07:00,2026-04-25T18:29:03-07:00,0,0
index.js,11,js,2ff76dbf,Shreyesh Vankina,2026-04-25,18:29:03,-07:00,2026-04-25T18:29:03-07:00,0,58
index.js,12,js,2ff76dbf,Shreyesh Vankina,2026-04-25,18:29:03,-07:00,2026-04-25T18:29:03-07:00,0,60
index.js,13,js,2ff76dbf,Shreyesh Vankina,2026-04-25,18:29:03,-07:00,2026-04-25T18:29:03-07:00,0,0
index.js,14,js,2ff76dbf,Shreyesh Vankina,2026-04-25,18:29:03,-07:00,2026-04-25T18:29:03-07:00,0,17
index.js,15,js,2ff76dbf,Shreyesh Vankina,2026-04-25,18:29:03,-07:00,2026-04-25T18:29:03-07:00,2,24
index.js,16,js,2ff76dbf,Shreyesh Vankina,2026-04-25,18:29:03,-07:00,2026-04-25T18:29:03-07:00,5,2
index.js,17,js,2ff76dbf,Shreyesh Vankina,2026-04-25,18:29:03,-07:00,2026-04-25T18:29:03-07:00,6,55
index.js,18,js,2ff76dbf,Shreyesh Vankina,2026-04-25,18:29:03,-07:00,2026-04-25T18:29:03-07:00,6,55
index.js,19,js,2ff76dbf,Shreyesh Vankina,2026-04-25,18:29:03,-07:00,2026-04-25T18:29:03-07:00,6,49
index.js,20,js,2ff76dbf,Shreyesh Vankina,2026-04-25,18:29:03,-07:00,2026-04-25T18:29:03-07:00,6,49
index.js,21,js,2ff76dbf,Shreyesh Vankina,2026-04-25,18:29:03,-07:00,2026-04-25T18:29:03-07:00,5,3
index.js,22,js,2ff76dbf,Shreyesh Vankina,2026-04-25,18:29:03,-07:00,2026-04-25T18:29:03-07:00,3,0
index.js,23,js,2ff76dbf,Shreyesh Vankina,2026-04-25,18:29:03,-07:00,2026-04-25T18:29:03-07:00,0,0
index.html,1,html,41a5b8c,shreyeshvankina,2026-04-05,15:26:31,-07:00,2026-04-05T15:26:31-07:00,0,13
index.html,2,html,41a5b8c,shreyeshvankina,2026-04-05,15:26:31,-07:00,2026-04-05T15:26:31-07:00,0,14
index.html,3,html,41a5b8c,shreyeshvankina,2026-04-05,15:26:31,-07:00,2026-04-05T15:26:31-07:00,0,4
index.html,4,html,41a5b8c,shreyeshvankina,2026-04-05,15:26:31,-07:00,2026-04-05T15:26:31-07:00,2,20
index.html,5,html,41a5b8c,shreyeshvankina,2026-04-05,15:26:31,-07:00,2026-04-05T15:26:31-07:00,2,68
index.html,6,html,41a5b8c,shreyeshvankina,2026-04-05,15:26:31,-07:00,2026-04-05T15:26:31-07:00,2,58
index.html,7,html,426c1659,Shreyesh Vankina,2026-04-05,20:23:50,-07:00,2026-04-05T20:23:50-07:00,2,38
index.html,8,html,0d4ac2af,Shreyesh Vankina,2026-04-16,14:40:43,-07:00,2026-04-16T14:40:43-07:00,2,45
index.html,9,html,41a5b8c,shreyeshvankina,2026-04-05,15:26:31,-07:00,2026-04-05T15:26:31-07:00,0,5
index.html,10,html,41a5b8c,shreyeshvankina,2026-04-05,15:26:31,-07:00,2026-04-05T15:26:31-07:00,0,4
index.html,11,html,9db681a2,Shreyesh Vankina,2026-04-16,15:05:31,-07:00,2026-04-16T15:05:31-07:00,2,0
index.html,12,html,41a5b8c,shreyeshvankina,2026-04-05,15:26:31,-07:00,2026-04-05T15:26:31-07:00,2,23
index.html,13,html,41a5b8c,shreyeshvankina,2026-04-05,15:26:31,-07:00,2026-04-05T15:26:31-07:00,2,222
index.html,14,html,426c1659,Shreyesh Vankina,2026-04-05,20:23:50,-07:00,2026-04-05T20:23:50-07:00,2,51
index.html,15,html,426c1659,Shreyesh Vankina,2026-04-05,20:23:50,-07:00,2026-04-05T20:23:50-07:00,0,0
index.html,16,html,2ff76dbf,Shreyesh Vankina,2026-04-25,18:29:03,-07:00,2026-04-25T18:29:03-07:00,2,22
index.html,17,html,2ff76dbf,Shreyesh Vankina,2026-04-25,18:29:03,-07:00,2026-04-25T18:29:03-07:00,2,20
index.html,18,html,2ff76dbf,Shreyesh Vankina,2026-04-25,18:29:03,-07:00,2026-04-25T18:29:03-07:00,3,4
index.html,19,html,2ff76dbf,Shreyesh Vankina,2026-04-25,18:29:03,-07:00,2026-04-25T18:29:03-07:00,0,0
index.html,20,html,2ff76dbf,Shreyesh Vankina,2026-04-25,18:29:03,-07:00,2026-04-25T18:29:03-07:00,2,50
index.html,21,html,2ff76dbf,Shreyesh Vankina,2026-04-25,18:29:03,-07:00,2026-04-25T18:29:03-07:00,2,19
index.html,22,html,2ff76dbf,Shreyesh Vankina,2026-04-25,18:29:03,-07:00,2026-04-25T18:29:03-07:00,2,22
index.html,23,html,2ff76dbf,Shreyesh Vankina,2026-04-25,18:29:03,-07:00,2026-04-25T18:29:03-07:00,4,4
index.html,24,html,41a5b8c,shreyeshvankina,2026-04-05,15:26:31,-07:00,2026-04-05T15:26:31-07:00,0,5
index.html,25,html,41a5b8c,shreyeshvankina,2026-04-05,15:26:31,-07:00,2026-04-05T15:26:31-07:00,0,5
global.js,1,js,0d4ac2af,Shreyesh Vankina,2026-04-16,14:40:43,-07:00,2026-04-16T14:40:43-07:00,0,25
global.js,2,js,0d4ac2af,Shreyesh Vankina,2026-04-16,14:40:43,-07:00,2026-04-16T14:40:43-07:00,0,0
global.js,3,js,0d4ac2af,Shreyesh Vankina,2026-04-16,14:40:43,-07:00,2026-04-16T14:40:43-07:00,0,41
global.js,4,js,0d4ac2af,Shreyesh Vankina,2026-04-16,14:40:43,-07:00,2026-04-16T14:40:43-07:00,1,52
global.js,5,js,1f0394aa,Shreyesh Vankina,2026-04-16,14:47:47,-07:00,2026-04-16T14:47:47-07:00,0,0
global.js,6,js,1f0394aa,Shreyesh Vankina,2026-04-16,14:47:47,-07:00,2026-04-16T14:47:47-07:00,0,0
global.js,7,js,1f0394aa,Shreyesh Vankina,2026-04-16,14:47:47,-07:00,2026-04-16T14:47:47-07:00,0,0
global.js,8,js,1f0394aa,Shreyesh Vankina,2026-04-16,14:47:47,-07:00,2026-04-16T14:47:47-07:00,0,0
global.js,9,js,9db681a2,Shreyesh Vankina,2026-04-16,15:05:31,-07:00,2026-04-16T15:05:31-07:00,0,28
global.js,10,js,9db681a2,Shreyesh Vankina,2026-04-16,15:05:31,-07:00,2026-04-16T15:05:31-07:00,0,33
global.js,11,js,9db681a2,Shreyesh Vankina,2026-04-16,15:05:31,-07:00,2026-04-16T15:05:31-07:00,0,70
global.js,12,js,9db681a2,Shreyesh Vankina,2026-04-16,15:05:31,-07:00,2026-04-16T15:05:31-07:00,0,3
global.js,13,js,9db681a2,Shreyesh Vankina,2026-04-16,15:05:31,-07:00,2026-04-16T15:05:31-07:00,0,39
global.js,14,js,9db681a2,Shreyesh Vankina,2026-04-16,15:05:31,-07:00,2026-04-16T15:05:31-07:00,0,0
global.js,15,js,9db681a2,Shreyesh Vankina,2026-04-16,15:05:31,-07:00,2026-04-16T15:05:31-07:00,0,0
global.js,16,js,9db681a2,Shreyesh Vankina,2026-04-16,15:05:31,-07:00,2026-04-16T15:05:31-07:00,0,11
global.js,17,js,9db681a2,Shreyesh Vankina,2026-04-16,15:05:31,-07:00,2026-04-16T15:05:31-07:00,1,25
global.js,18,js,9db681a2,Shreyesh Vankina,2026-04-16,15:05:31,-07:00,2026-04-16T15:05:31-07:00,1,38
global.js,19,js,9db681a2,Shreyesh Vankina,2026-04-16,15:05:31,-07:00,2026-04-16T15:05:31-07:00,1,36
global.js,20,js,9db681a2,Shreyesh Vankina,2026-04-16,15:05:31,-07:00,2026-04-16T15:05:31-07:00,1,34
global.js,21,js,00000000,Not Committed Yet,2026-05-08,18:37:09,-07:00,2026-05-08T18:37:09-07:00,1,30
global.js,22,js,9db681a2,Shreyesh Vankina,2026-04-16,15:05:31,-07:00,2026-04-16T15:05:31-07:00,1,60
global.js,23,js,9db681a2,Shreyesh Vankina,2026-04-16,15:05:31,-07:00,2026-04-16T15:05:31-07:00,0,0
global.js,24,js,9db681a2,Shreyesh Vankina,2026-04-16,15:05:31,-07:00,2026-04-16T15:05:31-07:00,0,0
global.js,25,js,9db681a2,Shreyesh Vankina,2026-04-16,15:05:31,-07:00,2026-04-16T15:05:31-07:00,0,38
global.js,26,js,9db681a2,Shreyesh Vankina,2026-04-16,15:05:31,-07:00,2026-04-16T15:05:31-07:00,0,25
global.js,27,js,9db681a2,Shreyesh Vankina,2026-04-16,15:05:31,-07:00,2026-04-16T15:05:31-07:00,0,0
global.js,28,js,9db681a2,Shreyesh Vankina,2026-04-16,15:05:31,-07:00,2026-04-16T15:05:31-07:00,0,0
global.js,29,js,9db681a2,Shreyesh Vankina,2026-04-16,15:05:31,-07:00,2026-04-16T15:05:31-07:00,0,88
global.js,30,js,9db681a2,Shreyesh Vankina,2026-04-16,15:05:31,-07:00,2026-04-16T15:05:31-07:00,2,3
global.js,31,js,9db681a2,Shreyesh Vankina,2026-04-16,15:05:31,-07:00,2026-04-16T15:05:31-07:00,2,14
global.js,32,js,9db681a2,Shreyesh Vankina,2026-04-16,15:05:31,-07:00,2026-04-16T15:05:31-07:00,0,0
global.js,33,js,9db681a2,Shreyesh Vankina,2026-04-16,15:05:31,-07:00,2026-04-16T15:05:31-07:00,0,20
global.js,34,js,9db681a2,Shreyesh Vankina,2026-04-16,15:05:31,-07:00,2026-04-16T15:05:31-07:00,1,14
global.js,35,js,9db681a2,Shreyesh Vankina,2026-04-16,15:05:31,-07:00,2026-04-16T15:05:31-07:00,1,18
global.js,36,js,9db681a2,Shreyesh Vankina,2026-04-16,15:05:31,-07:00,2026-04-16T15:05:31-07:00,0,0
global.js,37,js,9db681a2,Shreyesh Vankina,2026-04-16,15:05:31,-07:00,2026-04-16T15:05:31-07:00,1,52
global.js,38,js,9db681a2,Shreyesh Vankina,2026-04-16,15:05:31,-07:00,2026-04-16T15:05:31-07:00,0,0
global.js,39,js,9db681a2,Shreyesh Vankina,2026-04-16,15:05:31,-07:00,2026-04-16T15:05:31-07:00,1,34
global.js,40,js,9db681a2,Shreyesh Vankina,2026-04-16,15:05:31,-07:00,2026-04-16T15:05:31-07:00,1,11
global.js,41,js,9db681a2,Shreyesh Vankina,2026-04-16,15:05:31,-07:00,2026-04-16T15:05:31-07:00,1,20
global.js,42,js,9db681a2,Shreyesh Vankina,2026-04-16,15:05:31,-07:00,2026-04-16T15:05:31-07:00,0,0
global.js,43,js,9db681a2,Shreyesh Vankina,2026-04-16,15:05:31,-07:00,2026-04-16T15:05:31-07:00,1,17
global.js,44,js,9db681a2,Shreyesh Vankina,2026-04-16,15:05:31,-07:00,2026-04-16T15:05:31-07:00,2,8
global.js,45,js,9db681a2,Shreyesh Vankina,2026-04-16,15:05:31,-07:00,2026-04-16T15:05:31-07:00,2,58
global.js,46,js,9db681a2,Shreyesh Vankina,2026-04-16,15:05:31,-07:00,2026-04-16T15:05:31-07:00,1,0
global.js,47,js,9db681a2,Shreyesh Vankina,2026-04-16,15:05:31,-07:00,2026-04-16T15:05:31-07:00,0,0
global.js,48,js,9db681a2,Shreyesh Vankina,2026-04-16,15:05:31,-07:00,2026-04-16T15:05:31-07:00,1,29
global.js,49,js,9db681a2,Shreyesh Vankina,2026-04-16,15:05:31,-07:00,2026-04-16T15:05:31-07:00,2,18
global.js,50,js,9db681a2,Shreyesh Vankina,2026-04-16,15:05:31,-07:00,2026-04-16T15:05:31-07:00,1,0
global.js,51,js,9db681a2,Shreyesh Vankina,2026-04-16,15:05:31,-07:00,2026-04-16T15:05:31-07:00,0,0
global.js,52,js,9db681a2,Shreyesh Vankina,2026-04-16,15:05:31,-07:00,2026-04-16T15:05:31-07:00,1,12
global.js,53,js,1d8bca12,Shreyesh Vankina,2026-04-16,15:15:20,-07:00,2026-04-16T15:15:20-07:00,0,0
global.js,54,js,1d8bca12,Shreyesh Vankina,2026-04-16,15:15:20,-07:00,2026-04-16T15:15:20-07:00,0,0
global.js,55,js,1d8bca12,Shreyesh Vankina,2026-04-16,15:15:20,-07:00,2026-04-16T15:15:20-07:00,0,0
global.js,56,js,1d8bca12,Shreyesh Vankina,2026-04-16,15:15:20,-07:00,2026-04-16T15:15:20-07:00,0,31
global.js,57,js,1d8bca12,Shreyesh Vankina,2026-04-16,15:15:20,-07:00,2026-04-16T15:15:20-07:00,1,11
global.js,58,js,1d8bca12,Shreyesh Vankina,2026-04-16,15:15:20,-07:00,2026-04-16T15:15:20-07:00,1,0
global.js,59,js,1d8bca12,Shreyesh Vankina,2026-04-16,15:15:20,-07:00,2026-04-16T15:15:20-07:00,0,26
global.js,60,js,1d8bca12,Shreyesh Vankina,2026-04-16,15:15:20,-07:00,2026-04-16T15:15:20-07:00,0,4
global.js,61,js,1d8bca12,Shreyesh Vankina,2026-04-16,15:15:20,-07:00,2026-04-16T15:15:20-07:00,0,6
global.js,62,js,1d8bca12,Shreyesh Vankina,2026-04-16,15:15:20,-07:00,2026-04-16T15:15:20-07:00,0,43
global.js,63,js,1d8bca12,Shreyesh Vankina,2026-04-16,15:15:20,-07:00,2026-04-16T15:15:20-07:00,0,34
global.js,64,js,1d8bca12,Shreyesh Vankina,2026-04-16,15:15:20,-07:00,2026-04-16T15:15:20-07:00,0,32
global.js,65,js,1d8bca12,Shreyesh Vankina,2026-04-16,15:15:20,-07:00,2026-04-16T15:15:20-07:00,0,7
global.js,66,js,1d8bca12,Shreyesh Vankina,2026-04-16,15:15:20,-07:00,2026-04-16T15:15:20-07:00,0,7
global.js,67,js,1d8bca12,Shreyesh Vankina,2026-04-16,15:15:20,-07:00,2026-04-16T15:15:20-07:00,0,0
global.js,68,js,1d8bca12,Shreyesh Vankina,2026-04-16,15:15:20,-07:00,2026-04-16T15:15:20-07:00,0,0
global.js,69,js,1d8bca12,Shreyesh Vankina,2026-04-16,15:15:20,-07:00,2026-04-16T15:15:20-07:00,0,58
global.js,70,js,1d8bca12,Shreyesh Vankina,2026-04-16,15:15:20,-07:00,2026-04-16T15:15:20-07:00,0,0
global.js,71,js,1d8bca12,Shreyesh Vankina,2026-04-16,15:15:20,-07:00,2026-04-16T15:15:20-07:00,0,36
global.js,72,js,1d8bca12,Shreyesh Vankina,2026-04-16,15:15:20,-07:00,2026-04-16T15:15:20-07:00,1,70
global.js,73,js,1d8bca12,Shreyesh Vankina,2026-04-16,15:15:20,-07:00,2026-04-16T15:15:20-07:00,1,25
global.js,74,js,1d8bca12,Shreyesh Vankina,2026-04-16,15:15:20,-07:00,2026-04-16T15:15:20-07:00,0,0
global.js,75,js,1d8bca12,Shreyesh Vankina,2026-04-16,15:15:20,-07:00,2026-04-16T15:15:20-07:00,0,0
global.js,76,js,1d8bca12,Shreyesh Vankina,2026-04-16,15:15:20,-07:00,2026-04-16T15:15:20-07:00,0,34
global.js,77,js,1d8bca12,Shreyesh Vankina,2026-04-16,15:15:20,-07:00,2026-04-16T15:15:20-07:00,1,39
global.js,78,js,1d8bca12,Shreyesh Vankina,2026-04-16,15:15:20,-07:00,2026-04-16T15:15:20-07:00,0,0
global.js,79,js,1d8bca12,Shreyesh Vankina,2026-04-16,15:15:20,-07:00,2026-04-16T15:15:20-07:00,0,0
global.js,80,js,1d8bca12,Shreyesh Vankina,2026-04-16,15:15:20,-07:00,2026-04-16T15:15:20-07:00,0,49
global.js,81,js,1d8bca12,Shreyesh Vankina,2026-04-16,15:15:20,-07:00,2026-04-16T15:15:20-07:00,1,57
global.js,82,js,1d8bca12,Shreyesh Vankina,2026-04-16,15:15:20,-07:00,2026-04-16T15:15:20-07:00,1,33
global.js,83,js,1d8bca12,Shreyesh Vankina,2026-04-16,15:15:20,-07:00,2026-04-16T15:15:20-07:00,1,44
global.js,84,js,2ff76dbf,Shreyesh Vankina,2026-04-25,18:29:03,-07:00,2026-04-25T18:29:03-07:00,0,1
global.js,85,js,2ff76dbf,Shreyesh Vankina,2026-04-25,18:29:03,-07:00,2026-04-25T18:29:03-07:00,0,0
global.js,86,js,2ff76dbf,Shreyesh Vankina,2026-04-25,18:29:03,-07:00,2026-04-25T18:29:03-07:00,0,0
global.js,87,js,2ff76dbf,Shreyesh Vankina,2026-04-25,18:29:03,-07:00,2026-04-25T18:29:03-07:00,0,36
global.js,88,js,2ff76dbf,Shreyesh Vankina,2026-04-25,18:29:03,-07:00,2026-04-25T18:29:03-07:00,1,3
global.js,89,js,2ff76dbf,Shreyesh Vankina,2026-04-25,18:29:03,-07:00,2026-04-25T18:29:03-07:00,2,32
global.js,90,js,2ff76dbf,Shreyesh Vankina,2026-04-25,18:29:03,-07:00,2026-04-25T18:29:03-07:00,2,17
global.js,91,js,2ff76dbf,Shreyesh Vankina,2026-04-25,18:29:03,-07:00,2026-04-25T18:29:03-07:00,3,66
global.js,92,js,2ff76dbf,Shreyesh Vankina,2026-04-25,18:29:03,-07:00,2026-04-25T18:29:03-07:00,2,0
global.js,93,js,2ff76dbf,Shreyesh Vankina,2026-04-25,18:29:03,-07:00,2026-04-25T18:29:03-07:00,2,33
global.js,94,js,2ff76dbf,Shreyesh Vankina,2026-04-25,18:29:03,-07:00,2026-04-25T18:29:03-07:00,2,10
global.js,95,js,2ff76dbf,Shreyesh Vankina,2026-04-25,18:29:03,-07:00,2026-04-25T18:29:03-07:00,1,15
global.js,96,js,2ff76dbf,Shreyesh Vankina,2026-04-25,18:29:03,-07:00,2026-04-25T18:29:03-07:00,2,59
global.js,97,js,2ff76dbf,Shreyesh Vankina,2026-04-25,18:29:03,-07:00,2026-04-25T18:29:03-07:00,1,0
global.js,98,js,2ff76dbf,Shreyesh Vankina,2026-04-25,18:29:03,-07:00,2026-04-25T18:29:03-07:00,0,0
global.js,99,js,2ff76dbf,Shreyesh Vankina,2026-04-25,18:29:03,-07:00,2026-04-25T18:29:03-07:00,0,0
global.js,100,js,2ff76dbf,Shreyesh Vankina,2026-04-25,18:29:03,-07:00,2026-04-25T18:29:03-07:00,0,0
global.js,101,js,2ff76dbf,Shreyesh Vankina,2026-04-25,18:29:03,-07:00,2026-04-25T18:29:03-07:00,0,79
global.js,102,js,2ff76dbf,Shreyesh Vankina,2026-04-25,18:29:03,-07:00,2026-04-25T18:29:03-07:00,1,30
global.js,103,js,2ff76dbf,Shreyesh Vankina,2026-04-25,18:29:03,-07:00,2026-04-25T18:29:03-07:00,0,0
global.js,104,js,2ff76dbf,Shreyesh Vankina,2026-04-25,18:29:03,-07:00,2026-04-25T18:29:03-07:00,1,29
global.js,105,js,2ff76dbf,Shreyesh Vankina,2026-04-25,18:29:03,-07:00,2026-04-25T18:29:03-07:00,2,48
global.js,106,js,2ff76dbf,Shreyesh Vankina,2026-04-25,18:29:03,-07:00,2026-04-25T18:29:03-07:00,2,0
global.js,107,js,2ff76dbf,Shreyesh Vankina,2026-04-25,18:29:03,-07:00,2026-04-25T18:29:03-07:00,2,19
global.js,108,js,2ff76dbf,Shreyesh Vankina,2026-04-25,18:29:03,-07:00,2026-04-25T18:29:03-07:00,3,49
global.js,109,js,2ff76dbf,Shreyesh Vankina,2026-04-25,18:29:03,-07:00,2026-04-25T18:29:03-07:00,3,49
global.js,110,js,72ff8f12,Shreyesh Vankina,2026-05-01,14:21:34,-07:00,2026-05-01T14:21:34-07:00,3,27
global.js,111,js,72ff8f12,Shreyesh Vankina,2026-05-01,14:21:34,-07:00,2026-05-01T14:21:34-07:00,4,27
global.js,112,js,cc0f7a9f,Shreyesh Vankina,2026-05-01,14:45:52,-07:00,2026-05-01T14:45:52-07:00,4,44
global.js,113,js,72ff8f12,Shreyesh Vankina,2026-05-01,14:21:34,-07:00,2026-05-01T14:21:34-07:00,3,4
global.js,114,js,2ff76dbf,Shreyesh Vankina,2026-04-25,18:29:03,-07:00,2026-04-25T18:29:03-07:00,2,0
global.js,115,js,2ff76dbf,Shreyesh Vankina,2026-04-25,18:29:03,-07:00,2026-04-25T18:29:03-07:00,1,0
global.js,116,js,2ff76dbf,Shreyesh Vankina,2026-04-25,18:29:03,-07:00,2026-04-25T18:29:03-07:00,2,36
global.js,117,js,2ff76dbf,Shreyesh Vankina,2026-04-25,18:29:03,-07:00,2026-04-25T18:29:03-07:00,1,0
global.js,118,js,2ff76dbf,Shreyesh Vankina,2026-04-25,18:29:03,-07:00,2026-04-25T18:29:03-07:00,0,0
global.js,119,js,2ff76dbf,Shreyesh Vankina,2026-04-25,18:29:03,-07:00,2026-04-25T18:29:03-07:00,0,0
global.js,120,js,2ff76dbf,Shreyesh Vankina,2026-04-25,18:29:03,-07:00,2026-04-25T18:29:03-07:00,0,47
global.js,121,js,2ff76dbf,Shreyesh Vankina,2026-04-25,18:29:03,-07:00,2026-04-25T18:29:03-07:00,1,59
global.js,122,js,2ff76dbf,Shreyesh Vankina,2026-04-25,18:29:03,-07:00,2026-04-25T18:29:03-07:00,0,0
resume/index.html,1,html,426c1659,Shreyesh Vankina,2026-04-05,20:23:50,-07:00,2026-04-05T20:23:50-07:00,0,13
resume/index.html,2,html,426c1659,Shreyesh Vankina,2026-04-05,20:23:50,-07:00,2026-04-05T20:23:50-07:00,0,14
resume/index.html,3,html,426c1659,Shreyesh Vankina,2026-04-05,20:23:50,-07:00,2026-04-05T20:23:50-07:00,0,4
resume/index.html,4,html,426c1659,Shreyesh Vankina,2026-04-05,20:23:50,-07:00,2026-04-05T20:23:50-07:00,2,20
resume/index.html,5,html,426c1659,Shreyesh Vankina,2026-04-05,20:23:50,-07:00,2026-04-05T20:23:50-07:00,2,68
resume/index.html,6,html,426c1659,Shreyesh Vankina,2026-04-05,20:23:50,-07:00,2026-04-05T20:23:50-07:00,2,48
resume/index.html,7,html,426c1659,Shreyesh Vankina,2026-04-05,20:23:50,-07:00,2026-04-05T20:23:50-07:00,2,41
resume/index.html,8,html,0d4ac2af,Shreyesh Vankina,2026-04-16,14:40:43,-07:00,2026-04-16T14:40:43-07:00,2,48
resume/index.html,9,html,426c1659,Shreyesh Vankina,2026-04-05,20:23:50,-07:00,2026-04-05T20:23:50-07:00,0,5
resume/index.html,10,html,426c1659,Shreyesh Vankina,2026-04-05,20:23:50,-07:00,2026-04-05T20:23:50-07:00,0,4
resume/index.html,11,html,426c1659,Shreyesh Vankina,2026-04-05,20:23:50,-07:00,2026-04-05T20:23:50-07:00,0,0
resume/index.html,12,html,9db681a2,Shreyesh Vankina,2026-04-16,15:05:31,-07:00,2026-04-16T15:05:31-07:00,2,0
resume/index.html,13,html,426c1659,Shreyesh Vankina,2026-04-05,20:23:50,-07:00,2026-04-05T20:23:50-07:00,0,0
resume/index.html,14,html,426c1659,Shreyesh Vankina,2026-04-05,20:23:50,-07:00,2026-04-05T20:23:50-07:00,2,30
resume/index.html,15,html,426c1659,Shreyesh Vankina,2026-04-05,20:23:50,-07:00,2026-04-05T20:23:50-07:00,0,0
resume/index.html,16,html,426c1659,Shreyesh Vankina,2026-04-05,20:23:50,-07:00,2026-04-05T20:23:50-07:00,2,7
resume/index.html,17,html,426c1659,Shreyesh Vankina,2026-04-05,20:23:50,-07:00,2026-04-05T20:23:50-07:00,4,16
resume/index.html,18,html,426c1659,Shreyesh Vankina,2026-04-05,20:23:50,-07:00,2026-04-05T20:23:50-07:00,4,7
resume/index.html,19,html,426c1659,Shreyesh Vankina,2026-04-05,20:23:50,-07:00,2026-04-05T20:23:50-07:00,6,6
resume/index.html,20,html,426c1659,Shreyesh Vankina,2026-04-05,20:23:50,-07:00,2026-04-05T20:23:50-07:00,8,41
resume/index.html,21,html,426c1659,Shreyesh Vankina,2026-04-05,20:23:50,-07:00,2026-04-05T20:23:50-07:00,8,1
resume/index.html,22,html,426c1659,Shreyesh Vankina,2026-04-05,20:23:50,-07:00,2026-04-05T20:23:50-07:00,10,40
resume/index.html,23,html,426c1659,Shreyesh Vankina,2026-04-05,20:23:50,-07:00,2026-04-05T20:23:50-07:00,10,38
resume/index.html,24,html,426c1659,Shreyesh Vankina,2026-04-05,20:23:50,-07:00,2026-04-05T20:23:50-07:00,8,2
resume/index.html,25,html,426c1659,Shreyesh Vankina,2026-04-05,20:23:50,-07:00,2026-04-05T20:23:50-07:00,6,7
resume/index.html,26,html,426c1659,Shreyesh Vankina,2026-04-05,20:23:50,-07:00,2026-04-05T20:23:50-07:00,6,116
resume/index.html,27,html,426c1659,Shreyesh Vankina,2026-04-05,20:23:50,-07:00,2026-04-05T20:23:50-07:00,4,8
resume/index.html,28,html,426c1659,Shreyesh Vankina,2026-04-05,20:23:50,-07:00,2026-04-05T20:23:50-07:00,2,8
resume/index.html,29,html,426c1659,Shreyesh Vankina,2026-04-05,20:23:50,-07:00,2026-04-05T20:23:50-07:00,0,0
resume/index.html,30,html,426c1659,Shreyesh Vankina,2026-04-05,20:23:50,-07:00,2026-04-05T20:23:50-07:00,2,7
resume/index.html,31,html,426c1659,Shreyesh Vankina,2026-04-05,20:23:50,-07:00,2026-04-05T20:23:50-07:00,4,17
resume/index.html,32,html,426c1659,Shreyesh Vankina,2026-04-05,20:23:50,-07:00,2026-04-05T20:23:50-07:00,4,7
resume/index.html,33,html,426c1659,Shreyesh Vankina,2026-04-05,20:23:50,-07:00,2026-04-05T20:23:50-07:00,6,6
resume/index.html,34,html,426c1659,Shreyesh Vankina,2026-04-05,20:23:50,-07:00,2026-04-05T20:23:50-07:00,8,34
resume/index.html,35,html,426c1659,Shreyesh Vankina,2026-04-05,20:23:50,-07:00,2026-04-05T20:23:50-07:00,8,1
resume/index.html,36,html,426c1659,Shreyesh Vankina,2026-04-05,20:23:50,-07:00,2026-04-05T20:23:50-07:00,10,41
resume/index.html,37,html,426c1659,Shreyesh Vankina,2026-04-05,20:23:50,-07:00,2026-04-05T20:23:50-07:00,10,38
resume/index.html,38,html,426c1659,Shreyesh Vankina,2026-04-05,20:23:50,-07:00,2026-04-05T20:23:50-07:00,8,2
resume/index.html,39,html,426c1659,Shreyesh Vankina,2026-04-05,20:23:50,-07:00,2026-04-05T20:23:50-07:00,6,7
resume/index.html,40,html,426c1659,Shreyesh Vankina,2026-04-05,20:23:50,-07:00,2026-04-05T20:23:50-07:00,6,2
resume/index.html,41,html,426c1659,Shreyesh Vankina,2026-04-05,20:23:50,-07:00,2026-04-05T20:23:50-07:00,8,57
resume/index.html,42,html,426c1659,Shreyesh Vankina,2026-04-05,20:23:50,-07:00,2026-04-05T20:23:50-07:00,8,52
resume/index.html,43,html,426c1659,Shreyesh Vankina,2026-04-05,20:23:50,-07:00,2026-04-05T20:23:50-07:00,8,53
resume/index.html,44,html,426c1659,Shreyesh Vankina,2026-04-05,20:23:50,-07:00,2026-04-05T20:23:50-07:00,6,3
resume/index.html,45,html,426c1659,Shreyesh Vankina,2026-04-05,20:23:50,-07:00,2026-04-05T20:23:50-07:00,4,8
resume/index.html,46,html,426c1659,Shreyesh Vankina,2026-04-05,20:23:50,-07:00,2026-04-05T20:23:50-07:00,2,8
resume/index.html,47,html,426c1659,Shreyesh Vankina,2026-04-05,20:23:50,-07:00,2026-04-05T20:23:50-07:00,0,0
resume/index.html,48,html,426c1659,Shreyesh Vankina,2026-04-05,20:23:50,-07:00,2026-04-05T20:23:50-07:00,2,7
resume/index.html,49,html,426c1659,Shreyesh Vankina,2026-04-05,20:23:50,-07:00,2026-04-05T20:23:50-07:00,4,13
resume/index.html,50,html,426c1659,Shreyesh Vankina,2026-04-05,20:23:50,-07:00,2026-04-05T20:23:50-07:00,4,2
resume/index.html,51,html,426c1659,Shreyesh Vankina,2026-04-05,20:23:50,-07:00,2026-04-05T20:23:50-07:00,6,44
resume/index.html,52,html,426c1659,Shreyesh Vankina,2026-04-05,20:23:50,-07:00,2026-04-05T20:23:50-07:00,6,33
resume/index.html,53,html,426c1659,Shreyesh Vankina,2026-04-05,20:23:50,-07:00,2026-04-05T20:23:50-07:00,6,25
resume/index.html,54,html,426c1659,Shreyesh Vankina,2026-04-05,20:23:50,-07:00,2026-04-05T20:23:50-07:00,4,3
resume/index.html,55,html,426c1659,Shreyesh Vankina,2026-04-05,20:23:50,-07:00,2026-04-05T20:23:50-07:00,2,8
resume/index.html,56,html,426c1659,Shreyesh Vankina,2026-04-05,20:23:50,-07:00,2026-04-05T20:23:50-07:00,0,0
resume/index.html,57,html,426c1659,Shreyesh Vankina,2026-04-05,20:23:50,-07:00,2026-04-05T20:23:50-07:00,2,7
resume/index.html,58,html,426c1659,Shreyesh Vankina,2026-04-05,20:23:50,-07:00,2026-04-05T20:23:50-07:00,4,15
resume/index.html,59,html,426c1659,Shreyesh Vankina,2026-04-05,20:23:50,-07:00,2026-04-05T20:23:50-07:00,4,7
resume/index.html,60,html,426c1659,Shreyesh Vankina,2026-04-05,20:23:50,-07:00,2026-04-05T20:23:50-07:00,6,44
resume/index.html,61,html,426c1659,Shreyesh Vankina,2026-04-05,20:23:50,-07:00,2026-04-05T20:23:50-07:00,4,8
resume/index.html,62,html,426c1659,Shreyesh Vankina,2026-04-05,20:23:50,-07:00,2026-04-05T20:23:50-07:00,2,8
resume/index.html,63,html,426c1659,Shreyesh Vankina,2026-04-05,20:23:50,-07:00,2026-04-05T20:23:50-07:00,0,0
resume/index.html,64,html,426c1659,Shreyesh Vankina,2026-04-05,20:23:50,-07:00,2026-04-05T20:23:50-07:00,0,5
resume/index.html,65,html,426c1659,Shreyesh Vankina,2026-04-05,20:23:50,-07:00,2026-04-05T20:23:50-07:00,0,5
projects/projects.js,1,js,2ff76dbf,Shreyesh Vankina,2026-04-25,18:29:03,-07:00,2026-04-25T18:29:03-07:00,0,55
projects/projects.js,2,js,72ff8f12,Shreyesh Vankina,2026-05-01,14:21:34,-07:00,2026-05-01T14:21:34-07:00,0,63
projects/projects.js,3,js,2ff76dbf,Shreyesh Vankina,2026-04-25,18:29:03,-07:00,2026-04-25T18:29:03-07:00,0,0
projects/projects.js,4,js,2ff76dbf,Shreyesh Vankina,2026-04-25,18:29:03,-07:00,2026-04-25T18:29:03-07:00,0,55
projects/projects.js,5,js,2ff76dbf,Shreyesh Vankina,2026-04-25,18:29:03,-07:00,2026-04-25T18:29:03-07:00,0,0
projects/projects.js,6,js,2ff76dbf,Shreyesh Vankina,2026-04-25,18:29:03,-07:00,2026-04-25T18:29:03-07:00,0,60
projects/projects.js,7,js,2ff76dbf,Shreyesh Vankina,2026-04-25,18:29:03,-07:00,2026-04-25T18:29:03-07:00,0,62
projects/projects.js,8,js,2ff76dbf,Shreyesh Vankina,2026-04-25,18:29:03,-07:00,2026-04-25T18:29:03-07:00,0,0
projects/projects.js,9,js,2ff76dbf,Shreyesh Vankina,2026-04-25,18:29:03,-07:00,2026-04-25T18:29:03-07:00,0,34
projects/projects.js,10,js,2ff76dbf,Shreyesh Vankina,2026-04-25,18:29:03,-07:00,2026-04-25T18:29:03-07:00,2,48
projects/projects.js,11,js,2ff76dbf,Shreyesh Vankina,2026-04-25,18:29:03,-07:00,2026-04-25T18:29:03-07:00,0,0
projects/projects.js,12,js,2ff76dbf,Shreyesh Vankina,2026-04-25,18:29:03,-07:00,2026-04-25T18:29:03-07:00,0,0
projects/projects.js,13,js,2ff76dbf,Shreyesh Vankina,2026-04-25,18:29:03,-07:00,2026-04-25T18:29:03-07:00,0,30
projects/projects.js,14,js,2ff76dbf,Shreyesh Vankina,2026-04-25,18:29:03,-07:00,2026-04-25T18:29:03-07:00,2,56
projects/projects.js,15,js,72ff8f12,Shreyesh Vankina,2026-05-01,14:21:34,-07:00,2026-05-01T14:21:34-07:00,0,0
projects/projects.js,16,js,72ff8f12,Shreyesh Vankina,2026-05-01,14:21:34,-07:00,2026-05-01T14:21:34-07:00,0,0
projects/projects.js,17,js,72ff8f12,Shreyesh Vankina,2026-05-01,14:21:34,-07:00,2026-05-01T14:21:34-07:00,0,0
projects/projects.js,18,js,72ff8f12,Shreyesh Vankina,2026-05-01,14:21:34,-07:00,2026-05-01T14:21:34-07:00,0,57
projects/projects.js,19,js,72ff8f12,Shreyesh Vankina,2026-05-01,14:21:34,-07:00,2026-05-01T14:21:34-07:00,0,47
projects/projects.js,20,js,72ff8f12,Shreyesh Vankina,2026-05-01,14:21:34,-07:00,2026-05-01T14:21:34-07:00,0,0
projects/projects.js,21,js,72ff8f12,Shreyesh Vankina,2026-05-01,14:21:34,-07:00,2026-05-01T14:21:34-07:00,0,0
projects/projects.js,22,js,72ff8f12,Shreyesh Vankina,2026-05-01,14:21:34,-07:00,2026-05-01T14:21:34-07:00,0,21
projects/projects.js,23,js,72ff8f12,Shreyesh Vankina,2026-05-01,14:21:34,-07:00,2026-05-01T14:21:34-07:00,0,0
projects/projects.js,24,js,72ff8f12,Shreyesh Vankina,2026-05-01,14:21:34,-07:00,2026-05-01T14:21:34-07:00,0,38
projects/projects.js,25,js,72ff8f12,Shreyesh Vankina,2026-05-01,14:21:34,-07:00,2026-05-01T14:21:34-07:00,2,43
projects/projects.js,26,js,72ff8f12,Shreyesh Vankina,2026-05-01,14:21:34,-07:00,2026-05-01T14:21:34-07:00,2,32
projects/projects.js,27,js,72ff8f12,Shreyesh Vankina,2026-05-01,14:21:34,-07:00,2026-05-01T14:21:34-07:00,2,32
projects/projects.js,28,js,72ff8f12,Shreyesh Vankina,2026-05-01,14:21:34,-07:00,2026-05-01T14:21:34-07:00,2,30
projects/projects.js,29,js,72ff8f12,Shreyesh Vankina,2026-05-01,14:21:34,-07:00,2026-05-01T14:21:34-07:00,0,0
projects/projects.js,30,js,72ff8f12,Shreyesh Vankina,2026-05-01,14:21:34,-07:00,2026-05-01T14:21:34-07:00,2,29
projects/projects.js,31,js,72ff8f12,Shreyesh Vankina,2026-05-01,14:21:34,-07:00,2026-05-01T14:21:34-07:00,4,12
projects/projects.js,32,js,72ff8f12,Shreyesh Vankina,2026-05-01,14:21:34,-07:00,2026-05-01T14:21:34-07:00,4,14
projects/projects.js,33,js,72ff8f12,Shreyesh Vankina,2026-05-01,14:21:34,-07:00,2026-05-01T14:21:34-07:00,4,12
projects/projects.js,34,js,72ff8f12,Shreyesh Vankina,2026-05-01,14:21:34,-07:00,2026-05-01T14:21:34-07:00,2,0
projects/projects.js,35,js,72ff8f12,Shreyesh Vankina,2026-05-01,14:21:34,-07:00,2026-05-01T14:21:34-07:00,0,0
projects/projects.js,36,js,72ff8f12,Shreyesh Vankina,2026-05-01,14:21:34,-07:00,2026-05-01T14:21:34-07:00,2,50
projects/projects.js,37,js,72ff8f12,Shreyesh Vankina,2026-05-01,14:21:34,-07:00,2026-05-01T14:21:34-07:00,4,35
projects/projects.js,38,js,72ff8f12,Shreyesh Vankina,2026-05-01,14:21:34,-07:00,2026-05-01T14:21:34-07:00,2,1
projects/projects.js,39,js,72ff8f12,Shreyesh Vankina,2026-05-01,14:21:34,-07:00,2026-05-01T14:21:34-07:00,0,0
projects/projects.js,40,js,72ff8f12,Shreyesh Vankina,2026-05-01,14:21:34,-07:00,2026-05-01T14:21:34-07:00,2,53
projects/projects.js,41,js,72ff8f12,Shreyesh Vankina,2026-05-01,14:21:34,-07:00,2026-05-01T14:21:34-07:00,2,42
projects/projects.js,42,js,72ff8f12,Shreyesh Vankina,2026-05-01,14:21:34,-07:00,2026-05-01T14:21:34-07:00,2,51
projects/projects.js,43,js,72ff8f12,Shreyesh Vankina,2026-05-01,14:21:34,-07:00,2026-05-01T14:21:34-07:00,0,0
projects/projects.js,44,js,72ff8f12,Shreyesh Vankina,2026-05-01,14:21:34,-07:00,2026-05-01T14:21:34-07:00,2,27
projects/projects.js,45,js,72ff8f12,Shreyesh Vankina,2026-05-01,14:21:34,-07:00,2026-05-01T14:21:34-07:00,4,20
projects/projects.js,46,js,72ff8f12,Shreyesh Vankina,2026-05-01,14:21:34,-07:00,2026-05-01T14:21:34-07:00,4,19
projects/projects.js,47,js,72ff8f12,Shreyesh Vankina,2026-05-01,14:21:34,-07:00,2026-05-01T14:21:34-07:00,7,13
projects/projects.js,48,js,72ff8f12,Shreyesh Vankina,2026-05-01,14:21:34,-07:00,2026-05-01T14:21:34-07:00,7,22
projects/projects.js,49,js,72ff8f12,Shreyesh Vankina,2026-05-01,14:21:34,-07:00,2026-05-01T14:21:34-07:00,7,24
projects/projects.js,50,js,72ff8f12,Shreyesh Vankina,2026-05-01,14:21:34,-07:00,2026-05-01T14:21:34-07:00,7,18
projects/projects.js,51,js,72ff8f12,Shreyesh Vankina,2026-05-01,14:21:34,-07:00,2026-05-01T14:21:34-07:00,9,22
projects/projects.js,52,js,72ff8f12,Shreyesh Vankina,2026-05-01,14:21:34,-07:00,2026-05-01T14:21:34-07:00,9,43
projects/projects.js,53,js,72ff8f12,Shreyesh Vankina,2026-05-01,14:21:34,-07:00,2026-05-01T14:21:34-07:00,0,0
projects/projects.js,54,js,72ff8f12,Shreyesh Vankina,2026-05-01,14:21:34,-07:00,2026-05-01T14:21:34-07:00,9,20
projects/projects.js,55,js,72ff8f12,Shreyesh Vankina,2026-05-01,14:21:34,-07:00,2026-05-01T14:21:34-07:00,9,22
projects/projects.js,56,js,72ff8f12,Shreyesh Vankina,2026-05-01,14:21:34,-07:00,2026-05-01T14:21:34-07:00,12,26
projects/projects.js,57,js,72ff8f12,Shreyesh Vankina,2026-05-01,14:21:34,-07:00,2026-05-01T14:21:34-07:00,14,37
projects/projects.js,58,js,72ff8f12,Shreyesh Vankina,2026-05-01,14:21:34,-07:00,2026-05-01T14:21:34-07:00,12,1
projects/projects.js,59,js,72ff8f12,Shreyesh Vankina,2026-05-01,14:21:34,-07:00,2026-05-01T14:21:34-07:00,0,0
projects/projects.js,60,js,72ff8f12,Shreyesh Vankina,2026-05-01,14:21:34,-07:00,2026-05-01T14:21:34-07:00,9,22
projects/projects.js,61,js,72ff8f12,Shreyesh Vankina,2026-05-01,14:21:34,-07:00,2026-05-01T14:21:34-07:00,9,20
projects/projects.js,62,js,72ff8f12,Shreyesh Vankina,2026-05-01,14:21:34,-07:00,2026-05-01T14:21:34-07:00,12,26
projects/projects.js,63,js,72ff8f12,Shreyesh Vankina,2026-05-01,14:21:34,-07:00,2026-05-01T14:21:34-07:00,14,37
projects/projects.js,64,js,72ff8f12,Shreyesh Vankina,2026-05-01,14:21:34,-07:00,2026-05-01T14:21:34-07:00,12,1
projects/projects.js,65,js,72ff8f12,Shreyesh Vankina,2026-05-01,14:21:34,-07:00,2026-05-01T14:21:34-07:00,0,0
projects/projects.js,66,js,72ff8f12,Shreyesh Vankina,2026-05-01,14:21:34,-07:00,2026-05-01T14:21:34-07:00,9,43
projects/projects.js,67,js,72ff8f12,Shreyesh Vankina,2026-05-01,14:21:34,-07:00,2026-05-01T14:21:34-07:00,9,25
projects/projects.js,68,js,72ff8f12,Shreyesh Vankina,2026-05-01,14:21:34,-07:00,2026-05-01T14:21:34-07:00,11,50
projects/projects.js,69,js,72ff8f12,Shreyesh Vankina,2026-05-01,14:21:34,-07:00,2026-05-01T14:21:34-07:00,11,53
projects/projects.js,70,js,72ff8f12,Shreyesh Vankina,2026-05-01,14:21:34,-07:00,2026-05-01T14:21:34-07:00,9,6
projects/projects.js,71,js,72ff8f12,Shreyesh Vankina,2026-05-01,14:21:34,-07:00,2026-05-01T14:21:34-07:00,11,28
projects/projects.js,72,js,72ff8f12,Shreyesh Vankina,2026-05-01,14:21:34,-07:00,2026-05-01T14:21:34-07:00,11,46
projects/projects.js,73,js,72ff8f12,Shreyesh Vankina,2026-05-01,14:21:34,-07:00,2026-05-01T14:21:34-07:00,11,42
projects/projects.js,74,js,72ff8f12,Shreyesh Vankina,2026-05-01,14:21:34,-07:00,2026-05-01T14:21:34-07:00,13,40
projects/projects.js,75,js,72ff8f12,Shreyesh Vankina,2026-05-01,14:21:34,-07:00,2026-05-01T14:21:34-07:00,11,0
projects/projects.js,76,js,72ff8f12,Shreyesh Vankina,2026-05-01,14:21:34,-07:00,2026-05-01T14:21:34-07:00,11,56
projects/projects.js,77,js,72ff8f12,Shreyesh Vankina,2026-05-01,14:21:34,-07:00,2026-05-01T14:21:34-07:00,9,0
projects/projects.js,78,js,72ff8f12,Shreyesh Vankina,2026-05-01,14:21:34,-07:00,2026-05-01T14:21:34-07:00,7,1
projects/projects.js,79,js,72ff8f12,Shreyesh Vankina,2026-05-01,14:21:34,-07:00,2026-05-01T14:21:34-07:00,0,0
projects/projects.js,80,js,72ff8f12,Shreyesh Vankina,2026-05-01,14:21:34,-07:00,2026-05-01T14:21:34-07:00,4,16
projects/projects.js,81,js,72ff8f12,Shreyesh Vankina,2026-05-01,14:21:34,-07:00,2026-05-01T14:21:34-07:00,4,17
projects/projects.js,82,js,72ff8f12,Shreyesh Vankina,2026-05-01,14:21:34,-07:00,2026-05-01T14:21:34-07:00,7,36
projects/projects.js,83,js,72ff8f12,Shreyesh Vankina,2026-05-01,14:21:34,-07:00,2026-05-01T14:21:34-07:00,7,87
projects/projects.js,84,js,72ff8f12,Shreyesh Vankina,2026-05-01,14:21:34,-07:00,2026-05-01T14:21:34-07:00,2,1
projects/projects.js,85,js,72ff8f12,Shreyesh Vankina,2026-05-01,14:21:34,-07:00,2026-05-01T14:21:34-07:00,0,0
projects/projects.js,86,js,72ff8f12,Shreyesh Vankina,2026-05-01,14:21:34,-07:00,2026-05-01T14:21:34-07:00,0,0
projects/projects.js,87,js,72ff8f12,Shreyesh Vankina,2026-05-01,14:21:34,-07:00,2026-05-01T14:21:34-07:00,0,13
projects/projects.js,88,js,72ff8f12,Shreyesh Vankina,2026-05-01,14:21:34,-07:00,2026-05-01T14:21:34-07:00,2,23
projects/projects.js,89,js,72ff8f12,Shreyesh Vankina,2026-05-01,14:21:34,-07:00,2026-05-01T14:21:34-07:00,0,0
projects/projects.js,90,js,72ff8f12,Shreyesh Vankina,2026-05-01,14:21:34,-07:00,2026-05-01T14:21:34-07:00,0,0
projects/projects.js,91,js,72ff8f12,Shreyesh Vankina,2026-05-01,14:21:34,-07:00,2026-05-01T14:21:34-07:00,0,13
projects/projects.js,92,js,72ff8f12,Shreyesh Vankina,2026-05-01,14:21:34,-07:00,2026-05-01T14:21:34-07:00,0,53
projects/projects.js,93,js,72ff8f12,Shreyesh Vankina,2026-05-01,14:21:34,-07:00,2026-05-01T14:21:34-07:00,0,0
projects/projects.js,94,js,72ff8f12,Shreyesh Vankina,2026-05-01,14:21:34,-07:00,2026-05-01T14:21:34-07:00,0,48
projects/projects.js,95,js,72ff8f12,Shreyesh Vankina,2026-05-01,14:21:34,-07:00,2026-05-01T14:21:34-07:00,2,25
projects/projects.js,96,js,72ff8f12,Shreyesh Vankina,2026-05-01,14:21:34,-07:00,2026-05-01T14:21:34-07:00,0,0
projects/projects.js,97,js,72ff8f12,Shreyesh Vankina,2026-05-01,14:21:34,-07:00,2026-05-01T14:21:34-07:00,2,51
projects/projects.js,98,js,72ff8f12,Shreyesh Vankina,2026-05-01,14:21:34,-07:00,2026-05-01T14:21:34-07:00,4,59
projects/projects.js,99,js,72ff8f12,Shreyesh Vankina,2026-05-01,14:21:34,-07:00,2026-05-01T14:21:34-07:00,4,42
projects/projects.js,100,js,72ff8f12,Shreyesh Vankina,2026-05-01,14:21:34,-07:00,2026-05-01T14:21:34-07:00,2,1
projects/projects.js,101,js,72ff8f12,Shreyesh Vankina,2026-05-01,14:21:34,-07:00,2026-05-01T14:21:34-07:00,0,0
projects/projects.js,102,js,72ff8f12,Shreyesh Vankina,2026-05-01,14:21:34,-07:00,2026-05-01T14:21:34-07:00,2,56
projects/projects.js,103,js,72ff8f12,Shreyesh Vankina,2026-05-01,14:21:34,-07:00,2026-05-01T14:21:34-07:00,0,0
projects/projects.js,104,js,72ff8f12,Shreyesh Vankina,2026-05-01,14:21:34,-07:00,2026-05-01T14:21:34-07:00,2,31
projects/projects.js,105,js,72ff8f12,Shreyesh Vankina,2026-05-01,14:21:34,-07:00,2026-05-01T14:21:34-07:00,0,1
projects/index.html,1,html,a199bc73,Shreyesh Vankina,2026-04-10,14:26:39,-07:00,2026-04-10T14:26:39-07:00,0,13
projects/index.html,2,html,a199bc73,Shreyesh Vankina,2026-04-10,14:26:39,-07:00,2026-04-10T14:26:39-07:00,0,14
projects/index.html,3,html,a199bc73,Shreyesh Vankina,2026-04-10,14:26:39,-07:00,2026-04-10T14:26:39-07:00,0,4
projects/index.html,4,html,a199bc73,Shreyesh Vankina,2026-04-10,14:26:39,-07:00,2026-04-10T14:26:39-07:00,2,20
projects/index.html,5,html,a199bc73,Shreyesh Vankina,2026-04-10,14:26:39,-07:00,2026-04-10T14:26:39-07:00,2,68
projects/index.html,6,html,a199bc73,Shreyesh Vankina,2026-04-10,14:26:39,-07:00,2026-04-10T14:26:39-07:00,2,50
projects/index.html,7,html,a199bc73,Shreyesh Vankina,2026-04-10,14:26:39,-07:00,2026-04-10T14:26:39-07:00,2,41
projects/index.html,8,html,0d4ac2af,Shreyesh Vankina,2026-04-16,14:40:43,-07:00,2026-04-16T14:40:43-07:00,2,48
projects/index.html,9,html,a199bc73,Shreyesh Vankina,2026-04-10,14:26:39,-07:00,2026-04-10T14:26:39-07:00,0,5
projects/index.html,10,html,426c1659,Shreyesh Vankina,2026-04-05,20:23:50,-07:00,2026-04-05T20:23:50-07:00,0,4
projects/index.html,11,html,9db681a2,Shreyesh Vankina,2026-04-16,15:05:31,-07:00,2026-04-16T15:05:31-07:00,2,0
projects/index.html,12,html,2ff76dbf,Shreyesh Vankina,2026-04-25,18:29:03,-07:00,2026-04-25T18:29:03-07:00,2,38
projects/index.html,13,html,72ff8f12,Shreyesh Vankina,2026-05-01,14:21:34,-07:00,2026-05-01T14:21:34-07:00,2,0
projects/index.html,14,html,72ff8f12,Shreyesh Vankina,2026-05-01,14:21:34,-07:00,2026-05-01T14:21:34-07:00,2,27
projects/index.html,15,html,72ff8f12,Shreyesh Vankina,2026-05-01,14:21:34,-07:00,2026-05-01T14:21:34-07:00,4,58
projects/index.html,16,html,72ff8f12,Shreyesh Vankina,2026-05-01,14:21:34,-07:00,2026-05-01T14:21:34-07:00,4,22
projects/index.html,17,html,72ff8f12,Shreyesh Vankina,2026-05-01,14:21:34,-07:00,2026-05-01T14:21:34-07:00,2,4
projects/index.html,18,html,72ff8f12,Shreyesh Vankina,2026-05-01,14:21:34,-07:00,2026-05-01T14:21:34-07:00,0,0
projects/index.html,19,html,72ff8f12,Shreyesh Vankina,2026-05-01,14:21:34,-07:00,2026-05-01T14:21:34-07:00,2,4
projects/index.html,20,html,72ff8f12,Shreyesh Vankina,2026-05-01,14:21:34,-07:00,2026-05-01T14:21:34-07:00,3,15
projects/index.html,21,html,72ff8f12,Shreyesh Vankina,2026-05-01,14:21:34,-07:00,2026-05-01T14:21:34-07:00,3,11
projects/index.html,22,html,72ff8f12,Shreyesh Vankina,2026-05-01,14:21:34,-07:00,2026-05-01T14:21:34-07:00,3,26
projects/index.html,23,html,72ff8f12,Shreyesh Vankina,2026-05-01,14:21:34,-07:00,2026-05-01T14:21:34-07:00,3,31
projects/index.html,24,html,72ff8f12,Shreyesh Vankina,2026-05-01,14:21:34,-07:00,2026-05-01T14:21:34-07:00,2,0
projects/index.html,25,html,72ff8f12,Shreyesh Vankina,2026-05-01,14:21:34,-07:00,2026-05-01T14:21:34-07:00,0,0
projects/index.html,26,html,a199bc73,Shreyesh Vankina,2026-04-10,14:26:39,-07:00,2026-04-10T14:26:39-07:00,2,20
projects/index.html,27,html,72ff8f12,Shreyesh Vankina,2026-05-01,14:21:34,-07:00,2026-05-01T14:21:34-07:00,2,4
projects/index.html,28,html,72ff8f12,Shreyesh Vankina,2026-05-01,14:21:34,-07:00,2026-05-01T14:21:34-07:00,0,0
projects/index.html,29,html,2ff76dbf,Shreyesh Vankina,2026-04-25,18:29:03,-07:00,2026-04-25T18:29:03-07:00,2,47
projects/index.html,30,html,aa069acf,Shreyesh Vankina,2026-04-05,20:38:38,-07:00,2026-04-05T20:38:38-07:00,0,0
projects/index.html,31,html,a199bc73,Shreyesh Vankina,2026-04-10,14:26:39,-07:00,2026-04-10T14:26:39-07:00,0,5
projects/index.html,32,html,a199bc73,Shreyesh Vankina,2026-04-10,14:26:39,-07:00,2026-04-10T14:26:39-07:00,0,5
contact/index.html,1,html,426c1659,Shreyesh Vankina,2026-04-05,20:23:50,-07:00,2026-04-05T20:23:50-07:00,0,13
contact/index.html,2,html,426c1659,Shreyesh Vankina,2026-04-05,20:23:50,-07:00,2026-04-05T20:23:50-07:00,0,14
contact/index.html,3,html,426c1659,Shreyesh Vankina,2026-04-05,20:23:50,-07:00,2026-04-05T20:23:50-07:00,0,4
contact/index.html,4,html,426c1659,Shreyesh Vankina,2026-04-05,20:23:50,-07:00,2026-04-05T20:23:50-07:00,2,20
contact/index.html,5,html,426c1659,Shreyesh Vankina,2026-04-05,20:23:50,-07:00,2026-04-05T20:23:50-07:00,2,68
contact/index.html,6,html,426c1659,Shreyesh Vankina,2026-04-05,20:23:50,-07:00,2026-04-05T20:23:50-07:00,2,49
contact/index.html,7,html,426c1659,Shreyesh Vankina,2026-04-05,20:23:50,-07:00,2026-04-05T20:23:50-07:00,2,41
contact/index.html,8,html,0d4ac2af,Shreyesh Vankina,2026-04-16,14:40:43,-07:00,2026-04-16T14:40:43-07:00,2,48
contact/index.html,9,html,426c1659,Shreyesh Vankina,2026-04-05,20:23:50,-07:00,2026-04-05T20:23:50-07:00,0,5
contact/index.html,10,html,426c1659,Shreyesh Vankina,2026-04-05,20:23:50,-07:00,2026-04-05T20:23:50-07:00,0,4
contact/index.html,11,html,9db681a2,Shreyesh Vankina,2026-04-16,15:05:31,-07:00,2026-04-16T15:05:31-07:00,2,0
contact/index.html,12,html,a199bc73,Shreyesh Vankina,2026-04-10,14:26:39,-07:00,2026-04-10T14:26:39-07:00,2,0
contact/index.html,13,html,426c1659,Shreyesh Vankina,2026-04-05,20:23:50,-07:00,2026-04-05T20:23:50-07:00,2,14
contact/index.html,14,html,426c1659,Shreyesh Vankina,2026-04-05,20:23:50,-07:00,2026-04-05T20:23:50-07:00,2,73
contact/index.html,15,html,426c1659,Shreyesh Vankina,2026-04-05,20:23:50,-07:00,2026-04-05T20:23:50-07:00,4,0
contact/index.html,16,html,426c1659,Shreyesh Vankina,2026-04-05,20:23:50,-07:00,2026-04-05T20:23:50-07:00,4,5
contact/index.html,17,html,426c1659,Shreyesh Vankina,2026-04-05,20:23:50,-07:00,2026-04-05T20:23:50-07:00,6,9
contact/index.html,18,html,426c1659,Shreyesh Vankina,2026-04-05,20:23:50,-07:00,2026-04-05T20:23:50-07:00,6,31
contact/index.html,19,html,426c1659,Shreyesh Vankina,2026-04-05,20:23:50,-07:00,2026-04-05T20:23:50-07:00,4,6
contact/index.html,20,html,426c1659,Shreyesh Vankina,2026-04-05,20:23:50,-07:00,2026-04-05T20:23:50-07:00,0,0
contact/index.html,21,html,426c1659,Shreyesh Vankina,2026-04-05,20:23:50,-07:00,2026-04-05T20:23:50-07:00,4,5
contact/index.html,22,html,426c1659,Shreyesh Vankina,2026-04-05,20:23:50,-07:00,2026-04-05T20:23:50-07:00,6,6
contact/index.html,23,html,426c1659,Shreyesh Vankina,2026-04-05,20:23:50,-07:00,2026-04-05T20:23:50-07:00,6,20
contact/index.html,24,html,426c1659,Shreyesh Vankina,2026-04-05,20:23:50,-07:00,2026-04-05T20:23:50-07:00,4,6
contact/index.html,25,html,426c1659,Shreyesh Vankina,2026-04-05,20:23:50,-07:00,2026-04-05T20:23:50-07:00,0,0
contact/index.html,26,html,426c1659,Shreyesh Vankina,2026-04-05,20:23:50,-07:00,2026-04-05T20:23:50-07:00,4,5
contact/index.html,27,html,426c1659,Shreyesh Vankina,2026-04-05,20:23:50,-07:00,2026-04-05T20:23:50-07:00,6,6
contact/index.html,28,html,426c1659,Shreyesh Vankina,2026-04-05,20:23:50,-07:00,2026-04-05T20:23:50-07:00,6,31
contact/index.html,29,html,426c1659,Shreyesh Vankina,2026-04-05,20:23:50,-07:00,2026-04-05T20:23:50-07:00,4,6
contact/index.html,30,html,426c1659,Shreyesh Vankina,2026-04-05,20:23:50,-07:00,2026-04-05T20:23:50-07:00,0,0
contact/index.html,31,html,426c1659,Shreyesh Vankina,2026-04-05,20:23:50,-07:00,2026-04-05T20:23:50-07:00,4,21
contact/index.html,32,html,426c1659,Shreyesh Vankina,2026-04-05,20:23:50,-07:00,2026-04-05T20:23:50-07:00,2,5
contact/index.html,33,html,426c1659,Shreyesh Vankina,2026-04-05,20:23:50,-07:00,2026-04-05T20:23:50-07:00,0,5
contact/index.html,34,html,426c1659,Shreyesh Vankina,2026-04-05,20:23:50,-07:00,2026-04-05T20:23:50-07:00,0,5
